1413394683223,0.89894295,2.3426998,9.901993,null
1413394683375,-0.05448139,1.7842655,11.114203,null
1413394683530,0.40861043,1.8659877,9.302697,null
1413394683688,0.21792556,2.315459,10.691973,null
1413394683841,0.6810174,2.152015,10.678352,null
1413394684010,0.3405087,2.0294318,9.956474,null
1413394684184,0.040861044,2.0294318,9.438901,null
1413394684338,-0.7082581,1.920469,9.752169,null
1413394684488,-0.17706452,1.7978859,9.39804,null
1413394684642,-0.12258313,1.6480621,10.228881,null
1413394684794,-0.05448139,1.4982382,10.119919,null
1413394684952,-0.05448139,2.1247742,8.962189,null
1413394685104,-0.040861044,1.607201,9.929234,null
1413394685273,-0.13620348,1.7297841,10.160779,null
1413394685425,-0.7082581,1.920469,9.370799,null
1413394685597,-0.23154591,2.1656353,9.602345,null
1413394685752,0.21792556,1.7025435,10.310603,null
1413394685905,-0.05448139,1.96133,9.615966,null
1413394686077,0.19068487,1.7161638,10.119919,null
1413394686232,-0.20430522,1.7706453,8.962189,null
1413394686388,0.05448139,1.7706453,9.915613,null
1413394686541,0.24516626,1.7161638,9.643207,null
1413394686697,-0.13620348,2.0294318,9.575105,null
1413394686852,0.35412905,1.5390993,9.507003,null
1413394687004,0.19068487,2.1111538,9.125633,null
1413394687221,0.25878662,2.0294318,10.501288,null
1413394687377,0.16344418,1.7161638,10.024576,null
1413394687537,0.17706452,1.8932283,9.711308,null
1413394687694,0.10896278,1.9749504,10.051817,null
1413394687849,0.16344418,1.8387469,10.160779,null
1413394688002,-0.08172209,2.192876,9.00305,null
1413394688174,-0.040861044,1.96133,10.18802,null
1413394688334,-0.095342435,2.1792557,9.602345,null
1413394688487,-0.29964766,1.6889231,10.446807,null
1413394688639,-0.095342435,1.7297841,9.779409,null
1413394688793,-0.23154591,1.8251266,9.534244,null
1413394688947,-0.38136974,2.0294318,9.956474,null
1413394689101,0.05448139,2.0158114,10.54215,null
1413394689260,-0.20430522,1.96133,9.779409,null
1413394689411,0.013620348,1.7025435,10.487668,null
1413394689573,-0.17706452,1.7161638,9.520623,null
1413394689727,-0.17706452,1.6480621,10.174399,null
1413394689880,-0.21792556,2.3426998,9.929234,null
1413394690034,-0.53119355,1.8251266,9.847511,null
1413394690188,-0.47671217,1.7297841,9.602345,null
1413394690342,-0.38136974,1.7297841,10.18802,null
1413394690493,-0.32688835,1.9340894,9.79303,null
1413394690646,-0.50395286,1.7570249,10.18802,null
1413394690803,-0.29964766,1.7570249,9.956474,null
1413394690957,-0.2860273,1.8932283,10.269742,null
1413394691129,-0.29964766,1.6208214,10.909899,null
1413394691282,-0.027240695,1.334794,10.405946,null
1413394691440,-0.013620348,1.56634,9.833891,null
1413394691592,0.43585113,1.8932283,9.357179,null
1413394691746,0.313268,1.5390993,9.738548,null
1413394691900,0.38136974,1.7706453,10.61025,null
1413394692071,0.7763598,1.484618,11.781601,null
1413394692236,0.55843425,1.0896279,9.234595,null
1413394692399,0.46309182,1.5118586,10.691973,null
1413394692560,0.61291564,1.4709976,9.888372,null
1413394692728,0.6401563,1.7297841,9.575105,null
1413394692882,0.7354988,1.5390993,11.032481,null
1413394693042,0.6401563,1.6753027,9.820271,null
1413394693195,0.35412905,1.4982382,9.901993,null
1413394693354,0.40861043,1.6208214,9.384419,null
1413394693508,0.27240697,1.4982382,9.901993,null
1413394693666,0.5720546,1.4165162,10.024576,null
1413394693824,0.46309182,1.5118586,10.119919,null
1413394693976,0.9125633,1.293933,8.553578,null
1413394694134,0.14982383,1.5390993,9.738548,null
1413394694284,0.54481393,0.7491191,9.752169,null
1413394694443,0.7491191,0.8580819,10.841797,null
1413394694594,0.32688835,0.89894295,10.024576,null
1413394694754,0.53119355,1.0215261,10.61025,null
1413394694904,-0.13620348,1.0760075,10.651112,null
1413394695076,0.29964766,0.7899802,10.419566,null
1413394695231,0.50395286,0.54481393,11.059722,null
1413394695390,0.21792556,1.0215261,10.310603,null
1413394695546,0.47671217,0.7354988,10.474048,null
1413394695701,0.12258313,0.7354988,10.991621,null
1413394695859,0.35412905,0.8580819,9.588725,null
1413394696016,0.24516626,1.1304889,10.474048,null
1413394696171,0.42223078,0.980665,10.20164,null
1413394696326,0.2860273,1.1985906,10.664732,null
1413394696481,-0.25878662,1.1577295,9.248216,null
1413394696642,0.20430522,0.84446156,10.228881,null
1413394696792,0.14982383,1.1441092,10.896278,null
1413394696945,0.013620348,0.87170225,9.942854,null
1413394697111,0.040861044,0.7082581,10.18802,null
1413394697269,0.313268,1.0215261,10.228881,null
1413394697424,0.24516626,0.89894295,10.787315,null
1413394697580,0.12258313,0.7354988,10.310603,null
1413394697735,0.05448139,1.1168685,11.059722,null
1413394697890,-0.05448139,1.1849703,10.433187,null
1413394698056,0.4903325,1.4437568,9.00305,null
1413394698209,-0.040861044,0.46309182,10.800936,null
1413394698361,0.027240695,1.1032481,10.882658,null
1413394698516,0.2860273,0.89894295,11.427472,null
1413394698684,0.20430522,0.87170225,10.855417,null
1413394698850,0.23154591,0.84446156,11.672638,null
1413394699006,-0.12258313,0.8580819,9.043911,null
1413394699164,0.5720546,0.6401563,12.421757,null
1413394699323,0.54481393,0.8036005,10.065437,null
1413394699477,0.10896278,0.9670447,8.676162,null
1413394699633,0.55843425,0.7082581,12.081248,null
1413394699786,0.40861043,0.88532263,8.049625,null
1413394699941,-0.313268,0.53119355,12.14935,null
1413394700110,0.81722087,0.84446156,8.662541,null
1413394700275,-0.027240695,0.2860273,10.623871,null
1413394700429,-0.23154591,0.5992953,11.427472,null
1413394700584,0.19068487,0.40861043,10.909899,null
1413394700739,-0.027240695,0.5992953,11.195926,null
1413394700892,0.040861044,0.7627395,8.866846,null
1413394701049,0.08172209,0.6401563,12.040387,null
1413394701201,0.50395286,0.58567494,8.676162,null
1413394701359,0.095342435,0.40861043,11.155065,null
1413394701514,0.10896278,1.1168685,9.656827,null
1413394701670,0.23154591,1.1168685,9.861132,null
1413394701822,0.313268,1.3211738,10.024576,null
1413394701982,-0.10896278,1.525479,9.125633,null
1413394702134,-0.19068487,1.2122109,11.890564,null
1413394702293,0.6401563,1.7025435,8.526338,null
1413394702447,-0.12258313,1.3756552,9.629586,null
1413394702599,0.19068487,0.980665,9.833891,null
1413394702752,-0.14982383,1.1441092,9.752169,null
1413394702904,0.17706452,1.0623871,9.765789,null
1413394703059,0.095342435,1.1577295,10.419566,null
1413394703212,-0.013620348,1.2122109,9.438901,null
1413394703364,-0.06810174,1.1985906,9.057531,null
1413394703523,-0.05448139,1.0079057,9.520623,null
1413394703674,0.19068487,0.9942854,10.378705,null
1413394703844,0.040861044,1.2803127,11.34575,null
1413394704005,-0.013620348,1.3484144,10.8281765,null
1413394704167,-0.21792556,1.607201,8.934948,null
1413394704340,-0.16344418,2.0975335,10.446807,null
1413394704497,0.06810174,2.315459,8.567199,null
1413394704652,-0.095342435,2.0158114,11.127824,null
1413394704812,-0.19068487,2.2201166,8.907707,null
1413394704965,-0.14982383,2.6014864,10.773695,null
1413394705118,-0.38136974,3.0781987,9.942854,null
1413394705287,-1.1985906,3.9362805,8.853226,null
1413394705428,-0.23154591,4.30403,9.493382,null
1413394705582,-0.51757324,4.467474,9.071152,null
1413394705740,-0.32688835,4.4538536,9.152874,null
1413394705892,-0.47671217,4.399372,9.057531,null
1413394706048,-0.8036005,4.4810944,9.152874,null
1413394706204,-0.05448139,4.1542063,9.370799,null
1413394706356,-0.313268,4.031623,9.030291,null
1413394706511,-0.54481393,3.8681788,9.384419,null
1413394706669,-0.24516626,3.840938,9.629586,null
1413394706838,0.013620348,3.8681788,9.248216,null
1413394706994,-0.626536,3.5140498,9.833891,null
1413394707159,-0.6401563,3.13268,9.493382,null
1413394707314,-0.47671217,3.2688835,9.547864,null
1413394707473,-1.253072,2.8330324,10.160779,null
1413394707627,-1.2258313,2.9964764,9.343558,null
1413394707783,-1.6616824,3.050958,8.676162,null
1413394707935,0.12258313,3.1190596,11.195926,null
1413394708104,-1.8387469,3.091819,9.452521,null
1413394708257,-2.1247742,2.9556155,10.147159,null
1413394708410,-1.6753027,3.3097446,10.296983,null
1413394708572,-2.2609777,3.13268,9.861132,null
1413394708722,-2.2882185,2.7785509,9.779409,null
1413394708882,-2.2201166,2.9283748,9.180115,null
1413394709031,-2.669588,2.8875136,9.670447,null
1413394709187,-2.5197644,2.9964764,10.160779,null
1413394709343,-2.7921712,3.0645783,9.575105,null
1413394709515,-3.13268,2.6014864,10.147159,null
1413394709674,-3.1463003,2.315459,8.934948,null
1413394709825,-3.4187074,2.4516625,10.010956,null
1413394709981,-2.819412,2.669588,9.193735,null
1413394710150,-4.2223077,2.8875136,9.043911,null
1413394710304,-3.2688835,3.1599207,9.357179,null
1413394710458,-3.3778462,2.901134,9.343558,null
1413394710613,-3.336985,2.9283748,8.771504,null
1413394710768,-3.5957718,3.1599207,9.779409,null
1413394710924,-3.6911142,2.8330324,9.724928,null
1413394711079,-2.9419951,2.6287272,9.425281,null
1413394711234,-2.5197644,2.669588,11.34575,null
1413394711393,-2.506144,3.4323275,9.765789,null
1413394711547,-2.3290794,3.214402,9.629586,null
1413394711702,-1.6616824,3.1599207,9.901993,null
1413394711859,-1.1168685,3.568531,9.507003,null
1413394712022,-1.7297841,3.6093922,9.41166,null
1413394712182,-0.7354988,3.3778462,9.861132,null
1413394712335,-0.61291564,3.3233647,9.670447,null
1413394712491,-0.35412905,3.2825038,8.785124,null
1413394712643,-0.6537767,3.173541,9.901993,null
1413394712794,-0.35412905,3.1463003,9.79303,null
1413394712952,-0.47671217,3.0373375,10.092678,null
1413394713106,-0.05448139,3.2280223,8.948568,null
1413394713258,-0.25878662,3.3506055,9.684067,null
1413394713417,-0.14982383,3.3233647,9.697687,null
1413394713575,0.12258313,3.3914666,9.833891,null
1413394713733,0.12258313,3.2280223,9.929234,null
1413394713904,0.027240695,3.091819,8.894087,null
1413394714063,0.06810174,3.5276701,9.384419,null
1413394714235,0.14982383,3.445948,9.316318,null
1413394714390,0.25878662,3.2416427,9.302697,null
1413394714545,0.095342435,3.0237172,10.065437,null
1413394714703,0.47671217,3.5412905,9.956474,null
1413394714854,-0.25878662,3.2416427,10.024576,null
1413394715009,0.095342435,3.3778462,9.166494,null
1413394715164,0.08172209,3.445948,9.125633,null
1413394715334,0.06810174,3.2280223,9.343558,null
1413394715493,-0.05448139,3.5276701,8.798744,null
1413394715645,0.2860273,3.4323275,8.771504,null
1413394715800,0.27240697,3.5412905,9.39804,null
1413394715952,0.027240695,3.4323275,9.615966,null
1413394716108,0.05448139,3.1054392,8.757884,null
1413394716263,-0.313268,3.214402,9.261836,null
1413394716436,-0.040861044,3.173541,9.466142,null
1413394716589,-0.35412905,3.173541,9.289077,null
1413394716751,0.16344418,3.1871614,10.160779,null
1413394716915,0.21792556,3.1190596,9.80665,null
1413394717077,0.040861044,3.2825038,9.00305,null
1413394717237,0.12258313,3.3506055,10.419566,null
1413394717392,-0.61291564,3.173541,9.152874,null
1413394717552,-0.40861043,3.0237172,9.234595,null
1413394717702,0.27240697,3.1599207,9.861132,null
1413394717858,0.2860273,3.091819,9.343558,null
1413394718010,-0.2860273,2.9283748,9.329938,null
1413394718164,-0.05448139,3.255263,10.133538,null
1413394718335,-0.40861043,3.336985,9.547864,null
1413394718490,-0.21792556,3.0781987,9.493382,null
1413394718643,-0.24516626,2.982856,9.193735,null
1413394718801,0.027240695,3.3506055,9.738548,null
1413394718956,0.44947147,3.1190596,10.296983,null
1413394719117,0.10896278,3.091819,9.384419,null
1413394719270,0.05448139,2.8602731,10.174399,null
1413394719425,0.29964766,3.0237172,8.676162,null
1413394719587,0.23154591,2.6423476,9.79303,null
1413394719742,0.313268,2.9556155,9.997335,null
1413394719892,0.50395286,3.1190596,9.697687,null
1413394720046,-0.05448139,2.7240696,10.106298,null
1413394720201,-0.20430522,2.9283748,9.139254,null
1413394720353,-0.06810174,2.9556155,9.438901,null
1413394720512,-0.12258313,2.819412,9.071152,null
1413394720666,0.4903325,2.9283748,10.228881,null
1413394720821,0.06810174,2.8466527,9.711308,null
1413394720976,0.21792556,2.6559677,9.901993,null
1413394721127,-0.626536,3.0781987,9.479762,null
1413394721280,-0.7627395,2.901134,9.220976,null
1413394721433,0.24516626,3.1190596,9.507003,null
1413394721591,-0.32688835,3.255263,10.378705,null
1413394721745,-0.17706452,2.969236,10.160779,null
1413394721904,0.095342435,2.9556155,9.575105,null
1413394722058,-0.6537767,2.547005,9.915613,null
1413394722216,0.20430522,3.1190596,9.41166,null
1413394722371,-0.35412905,2.901134,9.643207,null
1413394722529,-0.06810174,2.9964764,9.874752,null
1413394722683,0.095342435,2.9964764,9.370799,null
1413394722837,-0.05448139,2.9556155,9.588725,null
1413394722992,-0.35412905,2.9964764,9.711308,null
1413394723155,0.040861044,3.0237172,9.057531,null
1413394723309,0.040861044,3.1871614,9.752169,null
1413394723479,0.7899802,2.9964764,11.304889,null
1413394723632,-0.16344418,3.2825038,10.079058,null
1413394723796,0.40861043,3.1054392,9.711308,null
1413394723955,0.667397,2.8330324,9.466142,null
1413394724129,0.21792556,2.315459,9.220976,null
1413394724281,-0.095342435,3.0100968,9.152874,null
1413394724436,0.55843425,2.9147544,10.119919,null
1413394724594,0.84446156,2.9556155,10.392325,null
1413394724747,0.23154591,3.2416427,10.079058,null
1413394724902,-0.06810174,3.050958,9.289077,null
1413394725062,0.32688835,2.547005,9.084772,null
1413394725214,0.61291564,3.4187074,9.643207,null
1413394725368,0.13620348,2.819412,10.2152605,null
1413394725529,0.32688835,2.233737,9.316318,null
1413394725694,-0.27240697,2.8466527,8.948568,null
1413394725845,0.2860273,2.982856,10.256122,null
1413394726000,-0.313268,3.214402,9.261836,null
1413394726163,0.29964766,3.1463003,9.997335,null
1413394726314,-0.27240697,2.9964764,9.874752,null
1413394726473,-0.9670447,2.315459,9.316318,null
1413394726623,-0.58567494,2.3971813,9.643207,null
1413394726784,-0.6946377,3.3097446,9.452521,null
1413394726939,-0.8036005,2.9556155,9.384419,null
1413394727113,-1.2258313,2.4789033,9.684067,null
1413394727284,-0.027240695,2.9556155,10.487668,null
1413394727439,-1.0623871,3.1054392,9.547864,null
1413394727599,-0.12258313,3.3233647,10.773695,null
1413394727751,-0.7763598,2.7104492,9.384419,null
1413394727903,-0.7082581,2.7785509,9.711308,null
1413394728062,-0.61291564,2.6423476,9.493382,null
1413394728218,-0.87170225,2.5606253,9.41166,null
1413394728373,-0.46309182,2.3971813,8.7034025,null
1413394728533,-0.50395286,2.8330324,10.160779,null
1413394728687,-0.313268,2.7921712,9.343558,null
1413394728838,-0.54481393,2.8330324,10.092678,null
1413394728993,-0.027240695,2.7785509,9.956474,null
1413394729147,-0.3677494,2.819412,9.343558,null
1413394729299,0.12258313,2.7513103,10.051817,null
1413394729455,0.2860273,2.2201166,9.79303,null
1413394729616,0.027240695,2.2745981,9.970095,null
1413394729782,-0.027240695,2.8057916,9.452521,null
1413394729937,0.013620348,2.506144,9.370799,null
1413394730092,0.013620348,2.4108016,9.929234,null
1413394730250,-0.44947147,2.3699405,9.547864,null
1413394730403,-0.6537767,2.7513103,9.030291,null
1413394730555,-0.25878662,2.315459,9.629586,null
1413394730708,-0.08172209,2.7513103,9.261836,null
1413394730861,0.21792556,2.4789033,9.561484,null
1413394731013,-0.3405087,2.4516625,9.847511,null
1413394731172,0.24516626,2.4516625,10.18802,null
1413394731323,-0.095342435,2.5742457,9.724928,null
1413394731489,-0.667397,2.3563201,9.942854,null
1413394731645,-0.21792556,2.5333846,9.643207,null
1413394731801,-0.24516626,2.465283,9.956474,null
1413394731956,-0.32688835,2.7513103,10.365085,null
1413394732113,-0.43585113,2.2882185,9.071152,null
1413394732285,-0.313268,2.6151068,9.057531,null
1413394732443,-0.24516626,2.6014864,9.820271,null
1413394732607,0.095342435,2.3290794,10.56939,null
1413394732757,-0.7218784,2.3563201,9.915613,null
1413394732910,-0.6946377,2.4244218,9.983715,null
1413394733063,-0.58567494,2.083913,9.261836,null
1413394733218,-0.7354988,2.152015,10.119919,null
1413394733391,-0.25878662,2.6287272,10.160779,null
1413394733546,0.14982383,1.8932283,9.329938,null
1413394733703,-0.23154591,1.96133,9.711308,null
1413394733873,-0.38136974,1.9749504,9.547864,null
1413394734024,-0.24516626,2.5333846,9.316318,null
1413394734183,0.3677494,1.8523673,10.20164,null
1413394734334,-0.32688835,2.2201166,10.283362,null
1413394734493,-0.53119355,2.3971813,10.119919,null
1413394734659,-0.5992953,1.7025435,9.507003,null
1413394734824,-0.313268,2.6559677,9.765789,null
1413394734981,-0.05448139,2.669588,10.392325,null
1413394735140,0.040861044,2.3426998,9.956474,null
1413394735298,-0.2860273,2.1656353,9.302697,null
1413394735454,-0.32688835,2.4108016,9.575105,null
1413394735613,-0.24516626,2.506144,10.092678,null
1413394735765,0.16344418,2.152015,9.929234,null
1413394735922,0.06810174,2.5742457,9.765789,null
1413394736073,-0.05448139,2.547005,9.80665,null
1413394736228,-0.29964766,2.8057916,9.547864,null
1413394736383,-0.095342435,2.6968288,9.861132,null
1413394736538,-0.21792556,2.152015,9.479762,null
1413394736694,0.027240695,1.9885708,9.343558,null
1413394736853,-0.21792556,2.587866,8.962189,null
1413394737021,-0.92618364,2.8057916,9.357179,null
1413394737179,-0.35412905,2.6014864,9.507003,null
1413394737348,-0.095342435,2.192876,9.820271,null
1413394737503,-0.44947147,2.506144,10.119919,null
1413394737663,-0.027240695,2.6287272,9.942854,null
1413394737826,0.10896278,2.8057916,9.779409,null
1413394737993,-0.027240695,2.5606253,10.310603,null
1413394738145,-0.16344418,2.4789033,9.602345,null
1413394738298,-0.10896278,2.4516625,9.629586,null
1413394738453,-0.12258313,2.506144,9.507003,null
1413394738612,-0.54481393,2.192876,9.752169,null
1413394738764,-0.14982383,2.8330324,9.901993,null
1413394738915,-0.027240695,2.5742457,10.18802,null
1413394739086,0.3949901,2.383561,9.874752,null
1413394739245,-0.19068487,2.002191,9.670447,null
1413394739409,0.027240695,2.7785509,10.637491,null
1413394739561,-0.14982383,2.0430522,9.507003,null
1413394739724,-0.313268,1.920469,9.030291,null
1413394739885,-0.5720546,1.5935807,9.847511,null
1413394740052,-0.32688835,2.5197644,9.588725,null
1413394740212,-0.54481393,1.7978859,9.738548,null
1413394740385,-0.626536,2.4108016,10.174399,null
1413394740541,-0.54481393,2.4925237,10.365085,null
1413394740711,-0.27240697,1.7706453,9.901993,null
1413394740863,0.05448139,1.9477097,9.2073555,null
1413394741015,-0.13620348,2.0975335,10.419566,null
1413394741166,0.16344418,2.3699405,10.20164,null
1413394741332,-0.87170225,2.2609777,9.561484,null
1413394741504,-0.88532263,1.7570249,9.41166,null
1413394741656,-0.6401563,2.3018389,10.351464,null
1413394741813,-0.35412905,2.0566726,9.588725,null
1413394741965,-0.313268,2.2201166,9.874752,null
1413394742138,-0.12258313,2.0294318,9.588725,null
1413394742303,0.43585113,1.9340894,10.2152605,null
1413394742452,-0.13620348,2.3426998,10.351464,null
1413394742608,-0.3949901,2.083913,9.193735,null
1413394742761,-0.313268,2.7513103,10.2152605,null
1413394742914,-0.5720546,2.0566726,9.888372,null
1413394743066,-0.667397,2.3290794,10.079058,null
1413394743226,-0.14982383,2.6151068,9.656827,null
1413394743387,0.14982383,2.6287272,10.487668,null
1413394743548,-0.47671217,2.0566726,9.643207,null
1413394743708,-0.58567494,2.1247742,9.357179,null
1413394743869,-0.54481393,2.669588,9.820271,null
1413394744030,-0.8036005,2.3018389,8.866846,null
1413394744199,-0.7218784,2.083913,9.316318,null
1413394744359,0.095342435,2.383561,10.405946,null
1413394744520,-0.29964766,2.3563201,9.370799,null
1413394744681,-0.24516626,2.083913,9.820271,null
1413394744842,-0.19068487,2.3426998,10.405946,null
1413394745003,0.013620348,1.8932283,10.55577,null
1413394745164,-0.7082581,2.152015,8.717023,null
1413394745325,-0.8308412,2.2201166,9.80665,null
1413394745486,-0.7763598,2.233737,10.269742,null
1413394745647,-1.0623871,2.3971813,9.41166,null
1413394745808,-0.6810174,2.2201166,9.00305,null
1413394745969,-0.25878662,2.0566726,9.41166,null
1413394746129,0.13620348,1.5390993,9.956474,null
1413394746290,-0.5720546,2.1383946,9.520623,null
1413394746452,-0.095342435,2.2201166,9.438901,null
1413394746612,0.313268,1.9340894,10.242501,null
1413394746782,0.21792556,2.315459,10.160779,null
1413394746944,0.12258313,2.4108016,9.833891,null
1413394747107,-0.05448139,1.9749504,10.256122,null
1413394747268,-0.05448139,2.2473574,9.2073555,null
1413394747431,0.19068487,2.2473574,9.779409,null
1413394747596,-0.46309182,1.7025435,9.779409,null
1413394747757,-0.5720546,1.6753027,10.079058,null
1413394747926,-0.8036005,1.8387469,9.779409,null
1413394748094,-0.40861043,2.152015,9.520623,null
1413394748255,-0.095342435,1.7978859,9.507003,null
1413394748413,-0.47671217,1.8932283,10.56939,null
1413394748565,-0.13620348,2.0158114,9.929234,null
1413394748724,-0.626536,2.547005,10.2152605,null
1413394748880,-0.54481393,2.1656353,9.697687,null
1413394749035,0.10896278,1.56634,9.384419,null
1413394749197,-0.13620348,1.9749504,9.847511,null
1413394749350,-0.12258313,2.0294318,10.487668,null
1413394749508,-0.38136974,2.0975335,10.106298,null
1413394749667,-0.3405087,2.3290794,10.092678,null
1413394749818,-1.0215261,2.0158114,9.534244,null
1413394749974,-0.4903325,1.7297841,10.092678,null
1413394750125,-0.40861043,2.1656353,10.119919,null
1413394750293,-0.013620348,2.1792557,9.820271,null
1413394750448,-0.13620348,2.0158114,8.880466,null
1413394750604,0.095342435,2.2745981,9.711308,null
1413394750777,0.095342435,1.8387469,9.384419,null
1413394750944,0.14982383,2.0566726,10.2152605,null
1413394751112,0.027240695,2.3563201,9.847511,null
1413394751264,-0.3677494,2.070293,9.41166,null
1413394751417,-0.6946377,1.607201,9.2073555,null
1413394751570,-0.313268,2.2609777,9.588725,null
1413394751726,0.12258313,1.8932283,9.738548,null
1413394751879,-0.12258313,2.2201166,10.651112,null
1413394752030,-0.4903325,2.0294318,9.983715,null
1413394752182,-0.14982383,2.083913,9.656827,null
1413394752333,-0.13620348,2.315459,9.765789,null
1413394752485,-0.2860273,2.465283,10.405946,null
1413394752641,-0.2860273,2.4380422,9.547864,null
1413394752794,-0.47671217,1.7978859,9.956474,null
1413394752961,0.013620348,2.152015,9.520623,null
1413394753133,0.16344418,2.2882185,10.119919,null
1413394753302,0.21792556,1.7570249,10.378705,null
1413394753462,0.23154591,1.9885708,9.970095,null
1413394753615,-0.06810174,2.152015,10.010956,null
1413394753771,-0.24516626,1.9340894,9.438901,null
1413394753927,-0.40861043,2.1111538,9.234595,null
1413394754099,0.05448139,2.0294318,10.18802,null
1413394754254,0.05448139,2.315459,10.283362,null
1413394754407,-0.4903325,2.0294318,10.024576,null
1413394754563,-0.10896278,1.9477097,10.051817,null
1413394754718,-0.24516626,2.0294318,9.084772,null
1413394754886,-0.38136974,2.0294318,9.41166,null
1413394755041,-0.21792556,1.9477097,9.561484,null
1413394755200,-0.61291564,2.2201166,10.3242235,null
1413394755358,-0.54481393,1.7978859,10.133538,null
1413394755513,0.27240697,2.0294318,10.514909,null
1413394755667,-0.13620348,2.2745981,9.874752,null
1413394755822,-0.313268,2.152015,9.438901,null
1413394755977,-0.21792556,1.7978859,9.248216,null
1413394756132,-0.38136974,2.1247742,10.283362,null
1413394756290,-0.16344418,2.2609777,9.643207,null
1413394756446,-0.24516626,2.083913,9.997335,null
1413394756601,-0.8036005,2.0566726,9.547864,null
1413394756757,-0.38136974,1.8932283,10.160779,null
1413394756913,-0.25878662,2.070293,9.438901,null
1413394757085,0.027240695,1.6208214,10.460427,null
1413394757254,-0.47671217,1.4437568,10.051817,null
1413394757410,-0.44947147,1.8932283,9.575105,null
1413394757561,-0.38136974,1.7025435,9.684067,null
1413394757717,-0.3405087,1.5118586,9.370799,null
1413394757887,-0.12258313,1.525479,9.289077,null
1413394758057,0.27240697,1.6344417,10.773695,null
1413394758208,-0.21792556,2.0430522,9.384419,null
1413394758365,-0.3677494,1.8387469,10.378705,null
1413394758517,0.14982383,2.1111538,11.059722,null
1413394758673,-0.24516626,2.6151068,9.929234,null
1413394758835,-0.61291564,2.0158114,9.343558,null
1413394758989,-0.29964766,2.083913,10.351464,null
1413394759142,-0.7354988,1.7706453,10.024576,null
1413394759307,0.16344418,1.9749504,10.351464,null
1413394759464,-0.3949901,2.4108016,10.119919,null
1413394759648,-0.7763598,2.233737,10.242501,null
1413394759803,-0.3949901,1.9885708,9.929234,null
1413394759956,-0.61291564,2.2064962,9.738548,null
1413394760109,-0.095342435,2.0975335,9.41166,null
1413394760264,-0.10896278,2.2609777,10.337844,null
1413394760423,-0.43585113,2.506144,9.316318,null
1413394760578,-0.35412905,2.4380422,9.575105,null
1413394760732,-0.5992953,2.1111538,9.507003,null
1413394760892,-0.3405087,2.1656353,9.452521,null
1413394761042,-0.21792556,2.383561,10.147159,null
1413394761202,-0.29964766,2.5606253,9.847511,null
1413394761356,-0.21792556,2.547005,9.956474,null
1413394761511,-0.29964766,2.4108016,9.384419,null
1413394761669,-0.6401563,2.3426998,9.030291,null
1413394761821,-0.42223078,1.8115063,9.425281,null
1413394761979,-0.43585113,1.8387469,9.125633,null
1413394762133,-0.38136974,1.96133,10.2152605,null
1413394762287,-0.16344418,2.5742457,9.575105,null
1413394762441,-0.08172209,2.0975335,10.256122,null
1413394762599,-0.84446156,2.0430522,9.970095,null
1413394762754,-0.21792556,2.4108016,10.54215,null
1413394762913,-0.50395286,2.5197644,9.820271,null
1413394763063,-0.92618364,2.383561,9.2073555,null
1413394763218,-0.50395286,2.4380422,9.888372,null
1413394763386,-0.55843425,2.002191,11.604536,null
1413394763538,-0.54481393,1.9477097,11.086963,null
1413394763694,-0.13620348,2.4108016,9.656827,null
1413394763846,0.3677494,1.9340894,10.065437,null
1413394764001,0.16344418,1.8932283,9.970095,null
1413394764156,0.19068487,2.0294318,9.643207,null
1413394764311,-0.5720546,1.5935807,9.997335,null
1413394764470,0.10896278,1.9749504,10.61025,null
1413394764625,-0.2860273,2.1247742,8.866846,null
1413394764787,0.6946377,1.96133,10.9371395,null
1413394764958,-0.7082581,2.2201166,9.79303,null
1413394765113,-0.44947147,2.0294318,9.874752,null
1413394765273,0.44947147,2.6559677,12.421757,null
1413394765423,0.2860273,1.8115063,10.242501,null
1413394765583,-0.29964766,2.2745981,9.833891,null
1413394765737,-0.24516626,2.5742457,9.479762,null
1413394765893,-0.61291564,1.6889231,9.765789,null
1413394766044,0.313268,2.2609777,9.343558,null
1413394766201,-0.55843425,1.8387469,10.079058,null
1413394766353,-0.7354988,2.0294318,10.55577,null
1413394766525,-0.20430522,2.192876,9.833891,null
1413394766684,-0.7491191,2.0294318,9.997335,null
1413394766841,-0.29964766,1.920469,9.997335,null
1413394766996,-0.5992953,2.152015,9.479762,null
1413394767153,0.040861044,2.7513103,10.514909,null
1413394767306,-0.47671217,2.4789033,9.384419,null
1413394767461,-0.27240697,2.1247742,10.705593,null
1413394767620,-0.05448139,2.3290794,9.615966,null
1413394767775,0.095342435,2.506144,9.547864,null
1413394767929,0.89894295,2.4244218,10.514909,null
1413394768081,0.47671217,2.315459,9.833891,null
1413394768239,0.095342435,2.3563201,10.54215,null
1413394768409,0.7627395,2.465283,10.269742,null
1413394768563,0.14982383,2.3426998,9.752169,null
1413394768721,0.013620348,2.1111538,9.983715,null
1413394768876,-0.12258313,2.315459,9.997335,null
1413394769031,-0.89894295,2.73769,9.602345,null
1413394769184,-0.3677494,2.383561,9.602345,null
1413394769341,-0.3949901,1.9885708,9.507003,null
1413394769495,-0.6537767,2.3018389,9.670447,null
1413394769648,-0.14982383,1.9340894,10.296983,null
1413394769807,-0.12258313,2.070293,10.160779,null
1413394769979,-0.17706452,2.6287272,9.888372,null
1413394770146,0.05448139,1.6753027,9.901993,null
1413394770301,0.313268,1.9885708,9.80665,null
1413394770474,0.89894295,2.5333846,9.929234,null
1413394770633,-0.40861043,2.0975335,10.092678,null
1413394770787,-0.2860273,1.8932283,9.575105,null
1413394770941,-0.14982383,2.0566726,9.738548,null
1413394771100,-0.7491191,2.506144,9.125633,null
1413394771255,-0.313268,2.070293,10.310603,null
1413394771407,-0.6537767,1.7297841,9.670447,null
1413394771562,-0.8036005,1.9340894,9.820271,null
1413394771721,-0.626536,2.2882185,9.888372,null
1413394771876,-0.21792556,2.506144,9.724928,null
1413394772031,-0.05448139,1.879608,9.316318,null
1413394772186,-0.14982383,1.7570249,10.147159,null
1413394772343,0.19068487,1.96133,9.79303,null
1413394772496,0.3949901,2.070293,10.310603,null
1413394772651,-0.24516626,1.920469,10.242501,null
1413394772809,-0.3677494,2.2882185,9.452521,null
1413394772964,0.06810174,1.8659877,10.133538,null
1413394773119,-0.12258313,2.6287272,10.242501,null
1413394773272,-0.21792556,2.0566726,10.446807,null
1413394773427,-0.667397,2.6423476,9.752169,null
1413394773579,-0.95342433,2.5606253,9.479762,null
1413394773735,-0.4903325,1.7842655,10.160779,null
1413394773892,0.05448139,1.8659877,10.296983,null
1413394774043,-0.23154591,1.7842655,9.970095,null
1413394774198,-0.47671217,2.6968288,9.901993,null
1413394774353,-0.6946377,2.1656353,9.275456,null
1413394774517,-0.12258313,1.5799603,9.152874,null
1413394774676,-0.2860273,2.0566726,10.119919,null
1413394774843,0.06810174,2.383561,10.3242235,null
1413394774998,-0.35412905,2.2064962,9.01667,null
1413394775152,-0.54481393,2.0158114,9.41166,null
1413394775305,-0.40861043,2.0294318,10.092678,null
1413394775478,-0.50395286,2.3290794,9.956474,null
1413394775633,-0.667397,2.3971813,9.738548,null
1413394775793,-0.7082581,2.4108016,9.520623,null
1413394775943,-0.50395286,1.8932283,9.534244,null
1413394776103,-0.23154591,1.7570249,10.446807,null
1413394776257,-0.50395286,2.3290794,9.602345,null
1413394776412,-0.54481393,2.002191,9.41166,null
1413394776567,-0.42223078,2.4516625,9.684067,null
1413394776722,-0.21792556,2.1656353,9.997335,null
1413394776881,-0.14982383,2.152015,10.446807,null
1413394777032,-0.05448139,2.315459,10.310603,null
1413394777192,-0.19068487,1.7842655,9.929234,null
1413394777346,-0.43585113,2.0566726,9.316318,null
1413394777502,-0.55843425,2.315459,9.724928,null
1413394777654,-0.06810174,1.9340894,9.343558,null
1413394777813,-0.7082581,1.5935807,10.20164,null
1413394777972,-0.21792556,2.233737,10.038197,null
1413394778126,-0.25878662,2.083913,9.80665,null
1413394778283,-0.81722087,2.315459,9.956474,null
1413394778432,-0.5720546,2.3971813,9.41166,null
1413394778592,-0.24516626,1.8932283,10.310603,null
1413394778745,-0.38136974,1.8659877,10.160779,null
1413394778910,-0.027240695,2.0975335,9.738548,null
1413394779081,-0.2860273,2.083913,9.956474,null
1413394779239,-0.44947147,2.2473574,9.752169,null
1413394779391,-0.7354988,1.7297841,10.024576,null
1413394779547,-0.12258313,1.8523673,9.997335,null
1413394779701,-0.313268,1.96133,10.119919,null
1413394779854,-0.24516626,2.1247742,9.929234,null
1413394780024,-0.89894295,2.0430522,9.493382,null
1413394780175,-0.3949901,2.1247742,9.915613,null
1413394780347,-0.21792556,2.002191,9.80665,null
1413394780500,-0.12258313,1.9340894,10.351464,null
1413394780653,-1.0896279,2.6014864,9.0983925,null
1413394780808,-0.38136974,2.192876,10.119919,null
1413394780962,-0.05448139,2.083913,9.80665,null
1413394781125,-0.095342435,1.8932283,9.997335,null
1413394781280,-0.6810174,2.1111538,9.997335,null
1413394781459,-0.095342435,2.0566726,10.119919,null
1413394781613,-0.55843425,2.152015,9.275456,null
1413394781767,0.013620348,2.1247742,10.433187,null
1413394781923,-0.17706452,2.2882185,9.929234,null
1413394782074,0.08172209,1.8659877,10.160779,null
1413394782229,-0.55843425,2.3426998,9.697687,null
1413394782384,-0.05448139,1.9477097,9.561484,null
1413394782543,-0.040861044,2.0566726,9.370799,null
1413394782696,-0.44947147,2.6423476,9.520623,null
1413394782848,-0.55843425,2.383561,9.956474,null
1413394783004,-0.095342435,2.0294318,9.643207,null
1413394783163,-0.61291564,2.547005,9.479762,null
1413394783334,-0.19068487,2.383561,10.024576,null
1413394783486,-0.8308412,2.506144,9.874752,null
1413394783641,-0.38136974,2.2473574,9.507003,null
1413394783797,-0.05448139,2.1656353,9.752169,null
1413394783948,-0.027240695,2.2882185,9.329938,null
1413394784103,-0.42223078,2.0294318,9.983715,null
1413394784263,-0.38136974,2.1247742,9.261836,null
1413394784417,-0.14982383,2.383561,9.479762,null
1413394784572,-0.58567494,2.3290794,9.656827,null
1413394784732,-0.24516626,2.2201166,8.934948,null
1413394784883,-0.3405087,2.383561,9.384419,null
1413394785042,-0.2860273,2.1792557,10.256122,null
1413394785201,0.313268,2.1656353,10.228881,null
1413394785359,0.29964766,2.192876,10.228881,null
1413394785515,-0.626536,2.5606253,10.419566,null
1413394785669,-0.7899802,2.3699405,9.874752,null
1413394785821,0.095342435,1.4165162,8.975809,null
1413394785983,-0.5720546,2.0566726,9.697687,null
1413394786134,-0.14982383,1.9340894,9.547864,null
1413394786290,-0.2860273,2.1247742,9.561484,null
1413394786442,-0.3405087,2.5333846,9.507003,null
1413394786598,-0.23154591,2.0975335,9.929234,null
1413394786754,-0.5720546,2.3426998,9.820271,null
1413394786904,0.7354988,1.96133,10.20164,null
1413394787063,-0.12258313,2.0158114,9.588725,null
1413394787217,0.08172209,2.1383946,9.575105,null
1413394787372,-0.50395286,2.4789033,10.256122,null
1413394787528,-0.47671217,1.9885708,10.160779,null
1413394787683,-0.35412905,2.070293,10.2152605,null
1413394787838,-0.3405087,2.315459,9.874752,null
1413394787993,-0.19068487,2.152015,9.643207,null
1413394788152,-0.24516626,2.2745981,9.425281,null
1413394788306,-0.7082581,2.4244218,10.038197,null
1413394788462,0.027240695,1.56634,10.296983,null
1413394788617,-0.3677494,1.6753027,10.092678,null
1413394788771,0.06810174,1.6344417,10.119919,null
1413394788945,-0.06810174,1.9340894,9.901993,null
1413394789099,-0.19068487,1.4437568,9.438901,null
1413394789255,-0.06810174,1.56634,10.460427,null
1413394789412,-0.4903325,2.0158114,10.20164,null
1413394789563,-0.313268,1.6616824,9.738548,null
1413394789718,0.21792556,1.6889231,10.160779,null
1413394789879,-0.32688835,1.7434045,9.80665,null
1413394790048,0.095342435,1.6208214,9.956474,null
1413394790204,0.08172209,1.334794,10.024576,null
1413394790358,-0.50395286,1.5799603,10.010956,null
1413394790515,0.29964766,1.7978859,10.56939,null
1413394790678,0.13620348,1.7161638,10.106298,null
1413394790846,0.040861044,2.002191,9.983715,null
1413394791003,0.095342435,1.5799603,9.588725,null
1413394791157,0.58567494,1.96133,9.602345,null
1413394791312,-0.44947147,1.5118586,9.670447,null
1413394791474,0.35412905,1.6889231,10.310603,null
1413394791628,-0.42223078,1.9477097,9.79303,null
1413394791796,0.05448139,1.879608,10.024576,null
1413394791947,0.095342435,1.96133,10.419566,null
1413394792098,0.13620348,2.1111538,10.664732,null
1413394792252,0.24516626,1.4982382,9.752169,null
1413394792403,-0.3405087,1.9885708,10.2152605,null
1413394792562,-0.44947147,1.9885708,8.757884,null
1413394792716,-0.12258313,2.002191,9.997335,null
1413394792893,-0.5720546,1.7842655,10.010956,null
1413394793046,-1.1713499,1.7978859,9.629586,null
1413394793202,-0.44947147,2.083913,9.316318,null
1413394793372,-0.027240695,1.7978859,9.942854,null
1413394793525,-0.46309182,1.7978859,10.419566,null
1413394793680,-0.9670447,1.8387469,9.643207,null
1413394793832,-0.38136974,1.9885708,10.54215,null
1413394793985,0.05448139,1.6616824,10.392325,null
1413394794141,0.17706452,1.5799603,9.847511,null
1413394794301,-0.81722087,1.4437568,9.343558,null
1413394794454,-0.47671217,1.6344417,9.697687,null
1413394794605,-1.5390993,1.6889231,8.866846,null
1413394794767,-1.4437568,1.4301366,9.00305,null
1413394794945,-1.1304889,1.4301366,9.80665,null
1413394795092,-0.87170225,1.8659877,9.602345,null
1413394795249,-1.0215261,1.5527196,9.425281,null
1413394795399,-0.58567494,2.0430522,10.106298,null
1413394795550,-0.58567494,1.6753027,10.419566,null
1413394795701,-1.1577295,1.7706453,10.18802,null
1413394795854,-1.2122109,1.9340894,9.833891,null
1413394796013,-0.5992953,2.0566726,9.602345,null
1413394796181,-0.6401563,1.7706453,9.833891,null
1413394796333,-0.92618364,1.7978859,10.092678,null
1413394796500,-0.3949901,2.2064962,10.010956,null
1413394796652,-0.47671217,1.6480621,9.861132,null
1413394796827,-0.9125633,2.083913,10.106298,null
1413394796982,-0.7763598,1.7025435,9.602345,null
1413394797140,-0.095342435,1.7434045,10.038197,null
1413394797295,-0.53119355,1.5799603,9.956474,null
1413394797454,-0.9942854,1.525479,9.670447,null
1413394797640,-0.42223078,1.7842655,9.997335,null
1413394797953,-0.626536,1.9340894,9.697687,null
1413394798153,-0.027240695,2.152015,9.684067,null
1413394798566,0.61291564,1.3484144,9.493382,null
1413394798766,1.1304889,1.2258313,9.575105,null
1413394798966,1.8659877,1.3756552,9.547864,null
1413394799166,1.879608,1.4165162,10.038197,null
1413394799366,1.7297841,2.3563201,9.561484,null
1413394799566,2.6832085,1.607201,9.929234,null
1413394799774,2.2473574,1.7706453,10.96438,null
1413394799975,2.587866,1.9885708,8.880466,null
1413394800175,2.8330324,2.1111538,9.80665,null
1413394800376,2.7513103,2.315459,9.80665,null
1413394800576,3.0645783,2.3426998,9.152874,null
1413394800779,3.5821514,2.4244218,10.174399,null
1413394800983,3.6638734,1.9885708,9.997335,null
1413394801185,3.7728362,2.0294318,9.152874,null
1413394801388,4.30403,2.3563201,9.615966,null
1413394801592,5.175732,1.7025435,10.8281765,null
1413394801794,3.7728362,2.070293,10.256122,null
1413394801951,4.2223077,2.5333846,10.732834,null
1413394802104,3.255263,2.070293,7.600154,null
1413394802259,3.8136973,1.9340894,10.991621,null
1413394802411,3.4187074,2.2064962,9.670447,null
1413394802567,3.405087,2.233737,9.302697,null
1413394802735,2.8466527,2.2882185,9.0983925,null
1413394802896,2.1247742,2.2473574,10.474048,null
1413394803065,2.4516625,2.0294318,9.289077,null
1413394803217,1.7842655,2.4108016,10.092678,null
1413394803373,1.8659877,2.1792557,9.425281,null
1413394803533,1.0623871,2.2473574,9.602345,null
1413394803687,1.1441092,2.383561,11.032481,null
1413394803840,0.7082581,2.233737,10.147159,null
1413394803996,0.8036005,2.2473574,9.193735,null
1413394804151,0.42223078,2.1656353,9.861132,null
1413394804311,0.013620348,2.315459,9.615966,null
1413394804466,0.4903325,2.233737,10.051817,null
1413394804623,0.29964766,2.8330324,9.425281,null
1413394804779,0.6401563,2.4925237,9.438901,null
1413394804953,0.8308412,3.0645783,9.80665,null
1413394805105,0.47671217,2.587866,11.182305,null
1413394805438,-0.040861044,2.6559677,10.2152605,null
1413394828186,0.58567494,0.55843425,6.1291566,null
1413394828346,0.16344418,1.7706453,8.866846,null
1413394833139,0.027240695,1.0487667,5.47538,null
1413394833345,0.14982383,1.8387469,9.370799,null
1413394833540,-0.12258313,1.7434045,9.752169,null
1413394833698,0.23154591,2.1656353,10.18802,null
1413394833850,-0.38136974,1.8932283,9.384419,null
1413394834006,-0.12258313,1.7978859,10.106298,null
1413394836174,-0.29964766,0.7627395,5.134871,null
1413394836363,-0.42223078,1.334794,9.329938,null
1413394840164,-0.2860273,1.0623871,4.2495484,null
1413394840335,-0.3405087,2.2201166,8.076866,null
1413394840535,0.05448139,1.920469,8.785124,null
1413394854180,-0.40861043,0.8036005,6.1563973,null
1413394854380,0.626536,1.0215261,13.3207,null
1413394854584,-0.7082581,1.2666923,13.1708765,null
1413394854783,-2.002191,2.819412,9.656827,null
1413394854986,0.27240697,2.1247742,9.289077,null
1413394855187,-0.25878662,1.4709976,9.343558,null
1413394855390,-0.19068487,1.2666923,11.836082,null
1413394855593,-0.44947147,1.6344417,12.190211,null
1413394855796,-1.7025435,3.2007818,8.962189,null
1413394855999,-0.5992953,3.5412905,6.9463773,null
1413394856199,0.013620348,2.7649305,8.962189,null
1413394856402,-0.013620348,2.8738933,10.773695,null
1413394856602,-1.0623871,3.1054392,8.499097,null
1413394856807,0.50395286,2.8057916,10.8281765,null
1413394857009,0.25878662,2.73769,7.749978,null
1413394857209,0.10896278,2.587866,9.847511,null
1413394857412,-0.6946377,3.3914666,7.409469,null
1413394857612,0.9670447,2.315459,10.024576,null
1413394857816,-0.50395286,2.4516625,11.127824,null
1413394858018,0.5992953,1.7570249,11.699879,null
1413394858221,0.3677494,2.3563201,10.637491,null
1413394858422,0.4903325,2.2882185,9.956474,null
1413394858622,-0.19068487,2.7649305,8.866846,null
1413394858822,1.0351465,2.2064962,11.372991,null
1413394859022,0.54481393,2.547005,10.705593,null
1413394859225,0.88532263,2.083913,8.022385,null
1413394859500,0.9942854,2.4789033,8.676162,null
1413394862175,0.17706452,1.4437568,5.6660647,null
1413394862346,1.96133,2.1247742,11.032481,null
1413394862547,3.0373375,2.3290794,12.735025,null
1413394862750,0.6537767,1.7161638,8.798744,null
1413394862905,1.7297841,2.819412,9.697687,null
1413394863058,1.3756552,2.0430522,10.18802,null
1413394863213,2.6287272,1.5118586,10.9371395,null
1413394891180,0.2860273,1.2803127,5.243834,null
1413394891347,-0.3405087,2.4789033,8.281172,null
1413394891551,0.24516626,2.1792557,10.773695,null
1413394891706,-0.12258313,2.4244218,9.929234,null
1413394891861,-0.08172209,2.2201166,10.705593,null
1413394892017,-0.29964766,2.3426998,10.58301,null
1413394915176,0.12258313,0.40861043,5.3119354,null
1413394915361,-0.013620348,0.6401563,9.547864,null
1413394915561,-0.013620348,0.55843425,10.160779,null
1413394915761,0.7082581,0.46309182,11.659018,null
1413394915966,0.08172209,0.40861043,11.699879,null
1413394916168,0.27240697,0.61291564,10.283362,null
1413394916371,0.29964766,0.55843425,8.21307,null
1413394916575,0.25878662,0.10896278,12.9529505,null
1413394916777,0.32688835,0.46309182,7.0553403,null
1413394916977,0.25878662,-0.05448139,13.6748295,null
1413394917177,-0.05448139,0.47671217,11.672638,null
1413394917378,0.44947147,0.013620348,12.217452,null
1413394917578,-0.21792556,0.47671217,11.155065,null
1413394917778,0.19068487,0.84446156,9.534244,null
1413394917978,0.095342435,0.7082581,9.629586,null
1413394918182,0.17706452,0.9670447,8.689782,null
1413394918378,0.17706452,0.7082581,13.416042,null
1413394918578,0.013620348,1.253072,9.302697,null
1413394918778,-0.14982383,1.1168685,8.390134,null
1413394918979,-0.14982383,0.95342433,8.553578,null
1413394919179,-0.013620348,0.55843425,13.388802,null
1413394919379,0.095342435,0.7627395,9.697687,null
1413394919580,-0.19068487,0.88532263,10.923519,null
1413394919780,-0.14982383,0.8580819,10.855417,null
1413394919979,-0.027240695,1.0623871,11.304889,null
1413394920180,-0.17706452,1.4437568,9.030291,null
1413394920379,-0.17706452,1.2258313,11.291268,null
1413394920544,-0.040861044,1.5390993,8.417375,null
1413394920708,-0.013620348,1.7161638,11.032481,null
1413394920865,-0.16344418,1.9477097,7.5456724,null
1413394949151,-0.013620348,0.9942854,4.372132,null
1413394949347,-0.19068487,2.2473574,9.861132,null
1413394949500,-0.47671217,2.152015,10.909899,null
1413394949655,-0.43585113,2.315459,10.2152605,null
1413394949811,0.313268,2.083913,9.615966,null
1413394975175,-0.14982383,1.4709976,4.167826,null
1413394975343,0.89894295,1.8659877,8.648921,null
1413394975543,1.3484144,2.083913,9.534244,null
1413394975746,0.313268,2.5197644,9.00305,null
1413394975948,1.5118586,2.083913,9.861132,null
1413394976151,-0.23154591,1.9885708,11.699879,null
1413394976356,0.12258313,2.083913,9.275456,null
1413394976559,0.89894295,3.0373375,10.419566,null
1413394976761,0.8036005,2.3290794,10.351464,null
1413394976965,0.626536,1.9340894,9.180115,null
1413394977167,0.05448139,1.5935807,8.444615,null
1413394977370,0.21792556,0.8308412,10.705593,null
1413394977573,0.7354988,1.1577295,9.79303,null
1413394977777,0.7899802,0.88532263,10.310603,null
1413394977977,0.2860273,0.6401563,11.4410925,null
1413394978178,1.3211738,-0.6401563,12.571581,null
1413394978378,0.42223078,-0.35412905,11.672638,null
1413394978580,-0.40861043,-0.25878662,10.637491,null
1413394978782,-0.5992953,-0.29964766,11.127824,null
1413394978988,-1.1168685,0.05448139,10.474048,null
1413394979187,-2.083913,0.47671217,10.923519,null
1413394979388,-2.2201166,0.9670447,10.54215,null
1413394979588,-2.8602731,1.4573772,11.318509,null
1413394979788,-3.091819,1.253072,9.384419,null
1413394979991,-3.568531,0.8308412,11.618156,null
1413394980191,-2.9964764,1.2803127,10.9371395,null
1413394980481,-2.8602731,1.3484144,10.705593,null
1413394980682,-2.8330324,1.5118586,9.738548,null
1413394980882,-2.0566726,1.879608,8.676162,null
1413394981037,-2.2201166,1.7161638,10.283362,null
1413394981197,-1.9885708,1.6616824,11.086963,null
1413394981351,-2.0975335,1.4028958,9.833891,null
1413394981505,-1.4028958,1.6753027,8.744264,null
1413394981660,-0.40861043,1.5799603,10.160779,null
1413394981816,-0.7627395,1.3075534,9.507003,null
1413394981976,-0.16344418,1.253072,9.316318,null
1413394982130,0.9125633,1.5390993,10.446807,null
1413394982286,0.23154591,1.3892754,9.697687,null
1413394982446,1.5118586,0.980665,9.670447,null
1413394982600,2.6014864,0.7218784,11.277648,null
1413394982756,3.050958,0.89894295,10.296983,null
1413394982909,3.445948,0.7627395,8.076866,null
1413394983065,4.0861044,0.47671217,10.814556,null
1413394983225,3.881799,0.21792556,11.086963,null
1413394983379,5.1893525,1.3211738,10.978001,null
1413394983536,4.767122,1.0215261,9.861132,null
1413394983691,3.636633,0.51757324,11.318509,null
1413394983847,3.9362805,1.1713499,7.9270425,null
1413394984006,4.1542063,1.4437568,10.160779,null
1413394984161,1.6753027,1.9477097,9.39804,null
1413394984317,3.4187074,1.8387469,9.166494,null
1413394984537,3.5549107,2.002191,9.39804,null
1413395012169,0.7627395,1.0896279,4.671779,null
1413395012339,0.8580819,1.7706453,8.539958,null
1413395012543,1.3484144,1.8932283,10.174399,null
1413395012698,1.3620348,2.192876,10.365085,null
1413395012853,0.89894295,2.152015,9.316318,null
1413395013013,1.1168685,1.8387469,10.433187,null
1413395013179,1.1985906,2.0294318,10.051817,null
1413395016177,0.16344418,1.334794,5.366417,null
1413395016366,-0.32688835,2.669588,8.635301,null
1413395016565,-0.667397,3.0645783,9.41166,null
1413395016767,-0.2860273,3.2825038,9.357179,null
1413395016970,0.20430522,2.8330324,9.738548,null
1413395037181,-1.3211738,1.4165162,4.8352237,null
1413395037347,-0.6401563,2.5742457,8.730643,null
1413395041173,0.24516626,1.5118586,4.944186,null
1413395041367,0.58567494,2.3699405,8.60806,null
1413395041574,0.027240695,2.9419951,9.084772,null
1413395041767,0.3949901,2.547005,9.861132,null
1413395041928,0.19068487,2.7785509,9.602345,null
1413395042096,0.14982383,2.152015,9.847511,null
1413395042257,0.20430522,2.4108016,9.833891,null
1413395042578,0.55843425,2.3426998,9.779409,null
1413395042781,1.4573772,2.4108016,10.133538,null
1413395042984,1.0623871,2.383561,10.474048,null
1413395043186,0.35412905,2.2882185,9.507003,null
1413395043390,0.7491191,2.152015,9.847511,null
1413395043591,0.7491191,1.8251266,9.357179,null
1413395043791,0.24516626,2.2882185,10.079058,null
1413395043991,0.47671217,2.1111538,10.351464,null
1413395044191,0.6401563,2.152015,9.507003,null
1413395044395,0.5720546,1.6753027,9.983715,null
1413395044597,0.19068487,2.0430522,10.038197,null
1413395044802,0.23154591,2.2473574,10.174399,null
1413395045000,-0.095342435,2.083913,10.474048,null
1413395045200,0.46309182,1.6616824,10.773695,null
1413395045399,0.16344418,1.7025435,10.038197,null
1413395045600,0.47671217,1.7570249,10.800936,null
1413395045800,0.61291564,1.7978859,9.983715,null
1413395045999,0.89894295,2.0566726,10.528529,null
1413395046200,0.89894295,1.7025435,10.147159,null
1413395046400,0.54481393,1.7706453,9.997335,null
1413395046600,0.3405087,1.4709976,10.474048,null
1413395046803,0.27240697,1.6889231,9.152874,null
1413395047003,0.040861044,1.6753027,9.166494,null
1413395047204,-0.013620348,1.6344417,10.56939,null
1413395047403,0.13620348,1.4709976,8.948568,null
1413395047603,0.313268,1.334794,11.35937,null
1413395047806,0.8308412,1.3484144,9.575105,null
1413395048009,1.0351465,1.7978859,8.825985,null
1413395050133,0.38136974,0.9670447,5.2165933,null
1413395050325,0.9670447,2.3018389,8.308413,null
1413395050528,0.6401563,1.8932283,8.60806,null
1413395050731,1.5118586,1.607201,9.547864,null
1413395050936,1.5390993,1.5118586,9.724928,null
1413395070170,-0.12258313,0.3949901,6.142777,null
1413395070331,0.095342435,0.53119355,9.248216,null
1413395070530,0.040861044,0.9670447,8.185829,null
1413395070688,0.19068487,0.9942854,8.022385,null
1413395070845,0.27240697,0.6810174,8.117727,null
1413395071002,0.12258313,1.253072,11.9450445,null
1413395098175,0.35412905,1.2666923,4.7943625,null
1413395098360,0.8308412,1.5390993,8.975809,null
1413395098560,0.6946377,1.8387469,9.901993,null
1413395098711,0.8308412,1.5118586,9.983715,null
1413395098867,0.8036005,1.4709976,8.989429,null
1413395099034,0.313268,1.7706453,11.536434,null
1413395099349,0.8036005,1.6208214,10.283362,null
1413395099552,0.40861043,1.7434045,10.119919,null
1413395099756,0.7082581,1.3756552,11.155065,null
1413395099958,0.6401563,1.2394516,8.948568,null
1413395100158,0.7082581,0.9942854,9.942854,null
1413395100362,1.0760075,1.2803127,8.689782,null
1413395100562,1.5799603,0.313268,11.114203,null
1413395100766,1.7297841,0.5720546,9.193735,null
1413395100968,1.7978859,0.667397,10.092678,null
1413395101168,2.5606253,1.0079057,9.343558,null
1413395101368,2.6559677,0.89894295,9.357179,null
1413395101571,2.5742457,1.334794,8.349273,null
1413395101775,2.6423476,1.1985906,9.357179,null
1413395101974,2.8330324,1.253072,9.166494,null
1413395102188,3.2825038,1.1441092,9.765789,null
1413395102379,2.9419951,1.0760075,10.283362,null
1413395102579,2.506144,1.3484144,8.880466,null
1413395102778,2.669588,0.8580819,10.814556,null
1413395102981,3.3506055,0.9670447,8.839605,null
1413395103181,2.7240696,0.89894295,10.773695,null
1413395103381,2.1792557,1.0487667,11.223166,null
1413395103586,2.4108016,1.1849703,9.929234,null
1413395103788,1.6616824,2.0294318,9.915613,null
1413395103991,2.383561,1.9340894,9.874752,null
1413395104191,2.5197644,2.0158114,9.316318,null
1413395104391,2.0566726,2.2201166,9.833891,null
1413395104597,1.879608,2.2473574,9.534244,null
1413395104798,1.8115063,2.3699405,9.370799,null
1413395105001,1.5527196,2.5606253,10.160779,null
1413395105201,2.1656353,2.2882185,9.329938,null
1413395105406,2.1247742,2.3563201,9.0983925,null
1413395105607,1.7161638,2.6014864,9.370799,null
1413395105810,1.4573772,2.7921712,9.479762,null
1413395106013,2.0566726,2.4380422,9.343558,null
1413395106213,2.2473574,2.547005,9.861132,null
1413395106417,1.7025435,2.6559677,9.520623,null
1413395106619,1.879608,2.6151068,9.329938,null
1413395106822,1.253072,2.901134,9.602345,null
1413395107026,1.0896279,3.0237172,9.479762,null
1413395107226,1.7978859,2.6968288,9.316318,null
1413395107429,1.5390993,3.0373375,9.697687,null
1413395107629,0.9942854,2.982856,9.139254,null
1413395107832,0.3677494,2.9556155,9.125633,null
1413395108032,0.7218784,2.9964764,9.248216,null
1413395108232,1.7025435,2.7649305,9.861132,null
1413395108433,1.2122109,2.73769,9.316318,null
1413395108637,1.607201,2.5742457,9.41166,null
1413395108839,1.1168685,2.6559677,8.989429,null
1413395109042,0.9670447,2.6968288,9.861132,null
1413395109246,0.8036005,2.506144,9.575105,null
1413395109448,0.35412905,3.0645783,9.997335,null
1413395109651,-0.040861044,2.7649305,9.520623,null
1413395109855,0.16344418,2.7785509,9.343558,null
1413395110057,0.05448139,2.2745981,9.316318,null
1413395110260,0.8580819,2.1247742,10.119919,null
1413395110460,0.47671217,2.3699405,10.7192135,null
1413395110664,1.0623871,1.8659877,9.547864,null
1413395110868,0.38136974,2.315459,9.261836,null
1413395111067,0.40861043,1.9340894,9.861132,null
1413395111271,0.13620348,2.192876,9.2073555,null
1413395111475,0.12258313,2.1247742,9.39804,null
1413395111677,0.16344418,2.0566726,9.833891,null
1413395111880,0.16344418,2.4244218,9.41166,null
1413395112085,0.5720546,2.233737,8.5944395,null
1413395112283,0.44947147,2.4244218,10.079058,null
1413395112483,0.35412905,2.1656353,9.874752,null
1413395112687,-0.19068487,2.3018389,9.00305,null
1413395112889,0.12258313,2.1247742,9.970095,null
1413395113092,0.05448139,2.0430522,9.561484,null
1413395113293,0.19068487,1.9340894,10.051817,null
1413395113493,0.14982383,2.002191,9.234595,null
1413395113697,0.667397,2.083913,8.403754,null
1413395113900,0.2860273,2.0430522,9.125633,null
1413395114100,0.54481393,1.8659877,9.847511,null
1413395114300,0.32688835,1.56634,11.155065,null
1413395114505,0.32688835,1.607201,11.604536,null
1413395114707,-0.095342435,2.3971813,10.160779,null
1413395114907,0.44947147,2.3018389,10.732834,null
1413395115107,0.313268,2.2473574,10.024576,null
1413395115310,1.0623871,2.315459,10.678352,null
1413395115513,1.4165162,1.7978859,9.765789,null
1413395115717,0.40861043,2.233737,8.948568,null
1413395115916,0.40861043,2.070293,9.929234,null
1413395116116,0.6401563,2.0158114,9.575105,null
1413395116319,0.313268,1.9885708,10.133538,null
1413395116522,0.50395286,1.9885708,11.086963,null
1413395116726,0.38136974,1.9885708,10.96438,null
1413395116926,0.29964766,1.7706453,10.623871,null
1413395117129,0.14982383,1.8659877,11.713499,null
1413395117329,0.27240697,1.6616824,11.577295,null
1413395117533,0.24516626,2.1383946,9.765789,null
1413395117736,0.32688835,2.4380422,8.60806,null
1413395117938,0.3405087,2.2201166,9.602345,null
1413395118141,0.44947147,2.0430522,10.024576,null
1413395118347,0.08172209,2.1656353,8.880466,null
1413395121180,0.14982383,1.2394516,4.630918,null
1413395121340,0.43585113,2.152015,7.6546354,null
1413395121539,0.50395286,2.2201166,8.648921,null
1413395127149,0.6946377,0.8580819,5.2574544,null
1413395127342,0.81722087,1.8659877,9.956474,null
1413395127505,-0.6810174,2.2473574,9.915613,null
1413395127657,-0.626536,2.0975335,9.956474,null
1413395127817,-1.293933,1.9885708,9.833891,null
1413395128129,-0.8036005,1.9340894,9.084772,null
1413395128333,-0.6946377,2.0566726,8.7034025,null
1413395128536,-0.51757324,2.0566726,8.894087,null
1413395128739,-0.939804,2.0294318,8.512717,null
1413395130170,0.3677494,0.9942854,5.3800373,null
1413395130349,0.6401563,1.8387469,8.172209,null
1413395130552,0.013620348,2.5742457,9.466142,null
1413395130756,-1.0896279,2.315459,9.084772,null
1413395134172,-0.027240695,1.1713499,5.012288,null
1413395134349,1.9749504,1.607201,8.580819,null
1413395134552,1.2394516,1.5935807,9.234595,null
1413395136183,0.44947147,0.61291564,5.9248514,null
1413395136368,0.61291564,1.4437568,9.493382,null
1413395140161,0.3405087,0.939804,4.2086873,null
1413395140331,0.7082581,1.6753027,9.534244,null
1413395140531,1.2803127,1.6344417,10.3242235,null
1413395143161,-0.06810174,0.95342433,2.969236,null
1413395143338,-0.095342435,1.2122109,7.9679036,null
1413395143537,-0.14982383,1.0623871,10.051817,null
1413395143755,-1.0215261,1.2258313,10.024576,null
1413395143948,-0.29964766,1.0623871,10.392325,null
1413395144148,-0.21792556,0.980665,10.242501,null
1413395144348,-0.667397,1.253072,9.956474,null
1413395144555,-0.54481393,1.2394516,9.384419,null
1413395144749,-0.7763598,1.525479,8.989429,null
1413395144949,-0.7082581,1.5390993,9.329938,null
1413395145149,-0.8580819,1.7570249,9.2073555,null
1413395145350,-0.81722087,1.6889231,9.41166,null
1413395145550,-0.7627395,1.6208214,10.460427,null
1413395145754,-0.7082581,1.6208214,10.20164,null
1413395145959,-0.44947147,1.5390993,9.602345,null
1413395146158,-0.35412905,1.3484144,10.882658,null
1413395146358,0.2860273,1.5527196,9.507003,null
1413395146561,0.17706452,1.607201,9.724928,null
1413395146764,0.027240695,1.9885708,9.820271,null
1413395146968,0.14982383,1.8659877,9.0983925,null
1413395147171,0.17706452,1.334794,10.092678,null
1413395147374,0.40861043,1.2258313,10.909899,null
1413395147578,0.08172209,1.5527196,9.343558,null
1413395147780,0.12258313,1.484618,8.962189,null
1413395147982,0.38136974,1.4437568,9.289077,null
1413395148183,0.12258313,1.1985906,11.236787,null
1413395148382,0.313268,1.293933,8.526338,null
1413395148586,0.16344418,1.0896279,11.863323,null
1413395148788,0.19068487,1.5390993,10.133538,null
1413395148991,0.3405087,1.6208214,9.152874,null
1413395149195,0.40861043,1.334794,9.166494,null
1413395149395,0.25878662,1.1577295,9.520623,null
1413395149598,0.12258313,1.0215261,11.999526,null
1413395149801,0.17706452,1.1849703,8.7034025,null
1413395150004,0.14982383,0.980665,11.577295,null
1413395150204,0.16344418,1.4165162,9.711308,null
1413395150405,0.24516626,1.1849703,8.989429,null
1413395150608,0.24516626,1.6753027,11.236787,null
1413395150811,0.24516626,2.0566726,10.814556,null
1413395151014,0.35412905,2.383561,8.921328,null
1413395151218,0.2860273,2.083913,8.948568,null
1413395151417,0.25878662,1.7706453,10.310603,null
1413395151621,0.14982383,1.7706453,11.468333,null
1413395151821,0.46309182,2.315459,9.125633,null
1413395152026,0.24516626,1.9068487,11.304889,null
1413395152224,0.35412905,2.2609777,8.7034025,null
1413395152428,0.5720546,2.1383946,9.479762,null
1413395152631,0.47671217,2.2201166,9.316318,null
1413395152831,0.4903325,2.0975335,9.588725,null
1413395153031,0.43585113,2.0566726,9.79303,null
1413395153231,0.29964766,1.96133,9.193735,null
1413395153431,0.313268,2.1383946,8.907707,null
1413395153630,0.2860273,2.152015,9.547864,null
1413395153831,0.24516626,1.8387469,11.4410925,null
1413395154031,0.23154591,2.2609777,8.308413,null
1413395154232,0.2860273,1.7434045,10.96438,null
1413395154433,0.46309182,2.1247742,9.384419,null
1413395154632,0.313268,1.9068487,10.20164,null
1413395154832,0.42223078,2.2473574,8.975809,null
1413395155037,0.20430522,1.9068487,11.386611,null
1413395155237,0.21792556,2.2882185,8.390134,null
1413395155437,0.13620348,2.0566726,10.991621,null
1413395155637,0.313268,2.1247742,9.084772,null
1413395155837,0.29964766,2.0566726,9.888372,null
1413395156037,0.27240697,1.9340894,10.256122,null
1413395156239,0.38136974,2.1792557,8.730643,null
1413395156439,0.21792556,1.8387469,11.413852,null
1413395156644,0.21792556,2.3018389,8.322033,null
1413395156839,0.05448139,2.0975335,10.446807,null
1413395157039,0.27240697,1.96133,10.119919,null
1413395157239,0.27240697,2.2745981,8.62168,null
1413395157439,0.19068487,1.8115063,11.509193,null
1413395157641,0.3677494,1.9477097,9.956474,null
1413395157841,0.25878662,1.7706453,9.901993,null
1413395158042,0.25878662,1.9749504,9.942854,null
1413395158242,0.25878662,2.152015,9.724928,null
1413395158444,-2.2609777,2.5606253,9.643207,null
1413395158652,3.8954194,1.9885708,16.08563,null
1413395158805,-4.671779,5.271075,-7.954283,null
1413395158966,0.89894295,3.6502533,-1.4709976,null
1413395159127,-3.7319753,3.8273177,18.03334,null
1413395159288,-3.92266,3.1190596,12.353656,null
1413395159449,1.0760075,2.7649305,-7.84532,null
1413395159610,-2.2201166,3.6093922,9.629586,null
1413395159777,-6.510526,2.8330324,19.082108,null
1413395159938,-5.6660647,2.315459,1.334794,null
1413395160330,-4.576437,1.253072,10.419566,null
1413395160331,-5.938472,4.113345,8.676162,null
1413395160422,-3.881799,2.901134,9.234595,null
1413395160586,-3.6230125,3.1054392,9.030291,null
1413395160745,-1.7706453,3.9499009,9.125633,null
1413395160907,-1.4982382,4.6172976,8.499097,null
1413395161068,-1.7842655,4.6445384,9.302697,null
1413395161229,-4.195067,8.281172,6.1563973,null
1413395161394,-1.1577295,6.5922484,0.27240697,null
1413395161558,-7.8998017,8.22669,-1.3620348,null
1413395161719,0.21792556,7.1506824,-6.2789803,null
1413395161881,-7.1234417,7.668256,-8.975809,null
1413395162047,-5.992953,9.248216,-10.010956,null
1413395162209,1.0760075,4.7262607,-0.44947147,null
1413395162369,-5.5434813,4.1542063,-8.499097,null
1413395162531,6.537767,6.810174,-12.367276,null
1413395162693,-2.3971813,7.709117,-9.765789,null
1413395162859,-3.214402,3.7047346,-6.782933,null
1413395163023,-0.667397,8.921328,-5.47538,null
1413395163191,0.20430522,9.193735,-5.448139,null
1413395163352,-1.6344417,8.798744,-5.706926,null
1413395163517,-1.7570249,8.322033,-3.8545585,null
1413395163681,-1.9068487,8.635301,-4.862464,null
1413395163846,-5.5434813,4.5491962,-4.8488436,null
1413395164012,-6.1563973,6.2517395,-8.335652,null
1413395164176,-5.802268,5.965712,-0.3405087,null
1413395164344,-5.8839903,7.7363577,-3.9499009,null
1413395164501,-7.7227373,8.894087,-0.05448139,null
1413395164663,-6.0610547,6.4015636,4.0861044,null
1413395164833,-2.8738933,8.104107,2.819412,null
1413395165056,-3.1599207,9.588725,0.53119355,null
1413395165219,-0.05448139,9.261836,1.0623871,null
1413395165383,-3.1190596,7.6546354,3.5276701,null
1413395165538,-3.3233647,9.357179,0.92618364,null
1413395165696,-1.9477097,9.057531,-1.7297841,null
1413395165852,0.40861043,9.275456,-4.2086873,null
1413395166027,-6.510526,9.479762,-3.8954194,null
1413395166178,-4.0861044,3.486809,-9.112013,null
1413395166344,-5.570722,5.1212506,-10.732834,null
1413395166496,-5.7477865,5.134871,-6.851035,null
1413395166651,-7.286886,0.40861043,2.8466527,null
1413395166817,-7.572913,0.13620348,14.696355,null
1413395166973,-2.4244218,4.031623,12.190211,null
1413395167139,-1.9749504,2.8466527,7.9679036,null
1413395167300,0.2860273,1.6753027,10.405946,null
1413395167457,-1.0896279,3.3506055,9.275456,null
1413395167623,-0.6946377,4.276789,7.0280995,null
1413395167787,2.4244218,6.7556925,9.316318,null
1413395167948,-0.38136974,0.7082581,9.534244,null
1413395168110,1.96133,4.2223077,8.7034025,null
1413395168272,2.2473574,4.535576,7.763598,null
1413395168434,0.13620348,3.1190596,9.507003,null
1413395168600,3.13268,3.0645783,8.880466,null
1413395168760,5.5026207,2.982856,7.7363577,null
1413395168921,3.92266,3.5140498,10.147159,null
1413395169085,3.0373375,1.9885708,8.281172,null
1413395169247,2.0975335,3.990762,9.343558,null
1413395169410,1.8115063,2.9283748,9.0983925,null
1413395169572,0.89894295,12.626062,1.4437568,null
1413395169736,6.3879433,0.9670447,-1.3211738,null
1413395169899,3.840938,1.5799603,12.707785,null
1413395170060,-2.0294318,4.440233,4.099725,null
1413395170221,-1.4437568,-0.667397,17.134398,null
1413395170384,-2.7785509,2.6287272,7.3958488,null
1413395170554,6.5241466,3.4187074,-1.2122109,null
1413395170711,-1.3075534,8.5944395,4.5491962,null
1413395170865,12.190211,3.568531,3.2825038,null
1413395174131,2.2882185,0.17706452,2.8330324,null
1413395174561,2.3563201,0.7899802,10.242501,null
1413395174762,2.383561,-0.06810174,12.244693,null
1413395174965,4.9578066,0.7899802,9.438901,null
1413395175165,4.671779,0.8308412,10.092678,null
1413395175368,5.3527966,2.2473574,6.891896,null
1413395175572,4.4810944,-0.013620348,7.3141265,null
1413395175774,4.344891,1.4437568,9.057531,null
1413395175975,9.438901,2.669588,5.3800373,null
1413395176178,6.374323,4.739881,6.347082,null
1413395176334,5.039529,4.8897047,-7.518432,null
1413395176489,6.782933,1.9885708,-4.385752,null
1413395176648,5.298315,1.2122109,-6.347082,null
1413395176804,9.479762,5.1212506,1.4437568,null
1413395176956,7.096201,4.630918,0.013620348,null
1413395177114,10.732834,2.3290794,-0.38136974,null
1413395177282,7.7363577,1.6889231,0.21792556,null
1413395177437,8.934948,0.16344418,1.0896279,null
1413395177598,8.894087,-2.982856,8.512717,null
1413395177754,8.063246,-3.0645783,7.5320525,null
1413395177910,7.2187843,-2.73769,6.66035,null
1413395178070,5.611583,-1.7297841,9.384419,null
1413395178224,7.8317,-4.9850473,8.866846,null
1413395178380,6.891896,-3.6774938,5.5162406,null
1413395178540,6.9191365,-2.3426998,5.638824,null
1413395178695,6.8237944,-2.506144,6.2244987,null
1413395178850,6.742072,-4.903325,9.684067,null
1413395179010,5.1212506,-3.5140498,6.183638,null
1413395179163,6.810174,-3.255263,3.636633,null
1413395179319,7.4230895,-2.192876,9.343558,null
1413395179478,9.316318,-9.41166,12.898469,null
1413395179647,7.995144,-7.177923,1.4982382,null
1413395179870,5.325556,-4.385752,3.7319753,null
1413395180030,9.438901,-3.2007818,9.724928,null
1413395180193,6.4015636,-9.289077,3.1871614,null
1413395180354,0.55843425,-2.465283,3.5957718,null
1413395180514,7.3822284,-4.944186,2.0566726,null
1413395180665,13.279839,-7.8861814,4.903325,null
1413395180823,7.2187843,-3.7047346,3.990762,null
1413395180979,5.202973,-3.9499009,2.9283748,null
1413395181141,9.425281,-9.929234,4.6445384,null
1413395181314,6.67397,-6.1563973,4.535576,null
1413395181470,4.576437,-4.0861044,1.7434045,null
1413395181630,7.0689607,-8.676162,8.989429,null
1413395181785,7.8998017,-10.256122,8.322033,null
1413395181941,4.467474,-5.611583,1.9340894,null
1413395182096,0.46309182,-8.798744,1.293933,null
1413395182270,7.3958488,-13.565866,9.329938,null
1413395182426,1.7978859,-7.4503303,0.10896278,null
1413395182578,8.676162,-1.1849703,2.0975335,null
1413395182737,4.072484,-12.353656,-9.289077,null
1413395182890,2.8738933,-5.938472,-2.1247742,null
1413395183061,4.8216033,-5.638824,-1.4709976,null
1413395183215,9.438901,-7.096201,-2.901134,null
1413395183502,5.597963,-6.469665,2.083913,null
1413395183702,8.539958,-6.5241466,7.8317,null
1413395183867,7.6546354,-1.9068487,8.308413,null
1413395184036,2.4516625,-2.383561,4.1814466,null
1413395184191,9.956474,-8.798744,9.507003,null
1413395184350,5.1484914,-3.445948,6.810174,null
1413395184499,2.969236,-1.6344417,4.6445384,null
1413395184672,9.084772,-6.537767,7.8998017,null
1413395184845,9.466142,-4.9986677,10.051817,null
1413395185001,4.099725,-3.4187074,2.6832085,null
1413395185157,5.1484914,-6.6467295,7.096201,null
1413395185312,8.7034025,-4.6853995,10.051817,null
1413395185472,2.901134,-0.61291564,3.6774938,null
1413395185627,7.2187843,-4.3312707,8.512717,null
1413395185783,8.049625,-2.8057916,11.699879,null
1413395185942,6.7556925,-2.9964764,5.066769,null
1413395186094,5.5843425,-2.7649305,5.2302136,null
1413395186247,10.61025,-3.2825038,8.417375,null
1413395186403,8.812365,-0.54481393,5.7341666,null
1413395186559,6.2244987,1.8659877,2.152015,null
1413395186717,0.51757324,1.7161638,11.277648,null
1413395186873,1.9340894,-1.9340894,9.329938,null
1413395187029,2.4108016,-0.81722087,4.4947147,null
1413395187342,8.62168,-1.6344417,5.7341666,null
1413395218253,3.091819,-1.7978859,0.42223078,null
1413395218332,8.989429,-6.0201936,3.2825038,null
1413395218532,4.5900574,-4.0452433,1.2666923,null
1413395218732,7.2187843,-9.152874,0.47671217,null
1413395218932,4.930566,-4.6445384,0.10896278,null
1413395219096,7.04172,-3.5957718,0.7218784,null
1413395219247,12.53072,-8.894087,2.5197644,null
1413395219407,4.167826,-8.281172,1.4437568,null
1413395219561,2.8875136,-4.276789,1.0623871,null
1413395219717,11.209546,-9.343558,-1.9068487,null
1413395219877,8.662541,-7.409469,4.4810944,null
1413395220027,2.2882185,-4.3585114,1.293933,null
1413395220198,12.721405,-7.368608,-1.7297841,null
1413395220348,8.3765135,-7.1098213,5.7341666,null
1413395220503,3.7319753,-2.5606253,0.44947147,null
1413395220662,8.825985,-10.024576,-2.152015,null
1413395220818,2.6423476,-11.863323,4.1542063,null
1413395220974,4.9578066,-5.1212506,-0.7627395,null
1413395221129,4.072484,-5.6252036,-0.6946377,null
1413395221281,13.33432,-12.6669235,5.407278,null
1413395221436,5.761407,-4.344891,5.09401,null
1413395221596,5.3119354,-6.4832854,-0.095342435,null
1413395221751,2.4244218,-8.539958,1.0215261,null
1413395221907,4.4810944,-7.43671,3.5004294,null
1413395222066,4.2223077,-0.89894295,0.24516626,null
1413395222219,8.158588,-0.6810174,6.1291566,null
1413395229161,5.3119354,-1.0487667,0.35412905,null
1413395229331,10.474048,-1.8932283,4.6172976,null
1413395229530,0.9670447,1.484618,7.014479,null
1413395229694,0.20430522,4.2495484,11.277648,null
1413395229856,0.32688835,2.8330324,7.940663,null
1413395230016,-0.35412905,3.0373375,6.9191365,null
1413395230179,-2.2201166,5.366417,10.896278,null
1413395230335,1.0351465,3.0645783,12.122109,null
1413395230485,-0.7082581,2.2609777,8.676162,null
1413395230646,-0.19068487,5.0259085,9.738548,null
1413395230807,-0.6401563,6.0474343,9.370799,null
1413395230971,-3.173541,3.7864566,8.008764,null
1413395231125,-0.7082581,4.113345,5.761407,null
1413395231290,0.313268,5.053149,9.711308,null
1413395231455,1.7978859,1.8659877,12.54434,null
1413395231620,0.5720546,2.315459,6.537767,null
1413395231784,1.1304889,4.671779,11.509193,null
1413395231944,-1.4709976,3.92266,10.732834,null
1413395232110,-0.84446156,2.9964764,6.4151835,null
1413395232275,-0.27240697,5.09401,8.526338,null
1413395232451,0.626536,4.1814466,11.168685,null
1413395232609,0.24516626,2.6423476,8.158588,null
1413395232764,-1.0896279,4.031623,6.4832854,null
1413395232916,-1.7161638,5.8976107,10.637491,null
1413395233071,-2.1792557,3.3506055,11.686258,null
1413395233229,-1.7161638,2.7649305,7.177923,null
1413395233590,-0.9125633,5.1212506,9.765789,null
1413395233691,0.25878662,4.9578066,10.460427,null
1413395233745,0.92618364,2.8602731,6.306221,null
1413395233878,-0.7763598,4.535576,7.504812,null
1413395234047,-1.1985906,5.638824,11.195926,null
1413395234212,-0.027240695,3.5140498,9.125633,null
1413395234367,-2.192876,3.6093922,6.428804,null
1413395234521,-1.1168685,5.5162406,10.283362,null
1413395234690,-0.50395286,4.7943625,10.869038,null
1413395234858,-1.7978859,3.8545585,6.701211,null
1413395235035,0.14982383,5.2574544,8.676162,null
1413395235176,-0.8580819,5.802268,9.166494,null
1413395235339,-1.2394516,3.9362805,7.709117,null
1413395235501,-1.4437568,4.5628166,6.7556925,null
1413395235669,-0.81722087,5.271075,11.032481,null
1413395235831,-1.0896279,3.405087,11.836082,null
1413395235993,-1.0215261,3.5549107,6.6331096,null
1413395236159,-1.7297841,6.537767,8.267551,null
1413395236322,-3.4595683,4.9986677,11.795221,null